lat;lng;Depth;UTC_Date;Magnitude;Locality;Code;Query_Time
41.372;14.451;16;31/12/2013 22.52.07;2.3;Monti_del_Matese;7231421720;01/01/2014 00.55
41.394;14.438;14;31/12/2013 18.39.14;2.6;Monti_del_Matese;7231419190;01/01/2014 00.55
38.767;12.645;10;31/12/2013 06.44.03;3.3;Tirreno_meridionale_B;7231412040;01/01/2014 00.55
38.317;15.437;119;31/12/2013 01.43.24;2.7;Golfi_di_Patti_e_di_Milazzo;7231409030;01/01/2014 00.55
43.092;13.56;31;31/12/2013 01.13.42;2.1;Zona_Ascoli_Piceno;7231408731;01/01/2014 00.55
43.05;13.557;29;31/12/2013 01.07.41;2.1;Zona_Ascoli_Piceno;7231408670;01/01/2014 00.55
43.102;13.569;31;31/12/2013 00.36.16;2.2;Zona_Ascoli_Piceno;7231408360;01/01/2014 00.55
43.068;13.524;32;31/12/2013 00.30.04;3.2;Zona_Ascoli_Piceno;7231408300;01/01/2014 00.55
37.839;15.497;5;30/12/2013 22.06.06;2;Stretto_di_Messina;7231406860;01/01/2014 00.55
39.523;15.15;20;30/12/2013 20.11.32;2.1;Costa_calabra_occidentale;7231405710;01/01/2014 00.55
41.396;14.453;23;30/12/2013 15.44.09;2.2;Monti_del_Matese;7231403040;01/01/2014 00.55
41.358;14.463;23;30/12/2013 15.17.48;2.2;Monti_del_Matese;7231402770;01/01/2014 00.55
41.371;14.419;22;30/12/2013 15.11.07;2;Monti_del_Matese;7231402710;01/01/2014 00.55
42.734;12.518;9;30/12/2013 14.50.20;2;Monti_Martani;7231402500;01/01/2014 00.55
43.386;12.503;7;30/12/2013 13.28.37;2.2;Bacino_di_Gubbio;7231401680;01/01/2014 00.55
43.399;12.522;5;30/12/2013 13.15.33;2;Bacino_di_Gubbio;7231401550;01/01/2014 00.55
41.352;14.46;11;30/12/2013 09.09.26;2;Monti_del_Matese;7231399090;01/01/2014 00.55
41.344;14.45;10;30/12/2013 09.05.52;2.8;Monti_del_Matese;7231399050;01/01/2014 00.55
41.388;14.423;23;30/12/2013 06.30.07;2.7;Monti_del_Matese;7231397500;01/01/2014 00.55
43.377;12.546;6;30/12/2013 06.23.20;2.2;Bacino_di_Gubbio;7231397431;01/01/2014 00.55
41.382;14.432;11;30/12/2013 06.09.27;2;Monti_del_Matese;7231397290;01/01/2014 00.55
44.174;10.189;9;30/12/2013 05.58.22;2.1;Alpi_Apuane;7231397180;01/01/2014 00.55
42.709;13.288;10;30/12/2013 05.51.01;2.1;Monti_della_Laga;7231397110;01/01/2014 00.55
37.849;15.473;10;30/12/2013 05.27.48;2.1;Stretto_di_Messina;7231396870;01/01/2014 00.55
41.42;14.464;7;30/12/2013 04.14.09;2.2;Monti_del_Matese;7231396140;01/01/2014 00.55
41.362;14.445;20;30/12/2013 04.12.06;2.9;Monti_del_Matese;7231396120;01/01/2014 00.55
41.363;14.465;21;30/12/2013 03.55.12;2.3;Monti_del_Matese;7231395950;01/01/2014 00.55
41.392;14.427;10;30/12/2013 02.18.32;3.1;Monti_del_Matese;7231394980;01/01/2014 00.55
41.356;14.459;10;30/12/2013 01.28.16;2.3;Monti_del_Matese;7231394480;01/01/2014 00.55
41.394;14.438;10;29/12/2013 23.34.01;2.9;Monti_del_Matese;7231393340;01/01/2014 00.55
42.388;13.418;10;29/12/2013 22.36.26;2;Aquilano;7231392760;01/01/2014 00.55
41.394;14.435;10;29/12/2013 22.31.33;2.8;Monti_del_Matese;7231392710;01/01/2014 00.55
41.375;14.461;10;29/12/2013 22.17.31;2.5;Monti_del_Matese;7231392570;01/01/2014 00.55
41.345;14.442;20;29/12/2013 22.12.50;2;Monti_del_Matese;7231392520;01/01/2014 00.55
41.393;14.422;11;29/12/2013 22.03.27;3.2;Monti_del_Matese;7231392430;01/01/2014 00.55
41.361;14.448;18;29/12/2013 21.55.26;2;Monti_del_Matese;7231392350;01/01/2014 00.55
41.38;14.431;11;29/12/2013 21.52.57;2.2;Monti_del_Matese;7231392320;01/01/2014 00.55
39.886;16.054;7;29/12/2013 21.44.22;2;Pollino;7231392240;01/01/2014 00.55
41.379;14.416;18;29/12/2013 21.35.35;3;Monti_del_Matese;7231392150;01/01/2014 00.55
41.356;14.485;10;29/12/2013 21.10.23;2;Monti_del_Matese;7231391900;01/01/2014 00.55
41.369;14.433;11;29/12/2013 20.41.09;2;Monti_del_Matese;7231391610;01/01/2014 00.55
41.375;14.42;20;29/12/2013 20.41.09;2;Monti_del_Matese;7231391611;01/01/2014 00.55
41.359;14.455;10;29/12/2013 20.31.43;2.2;Monti_del_Matese;7231391510;01/01/2014 00.55
41.369;14.457;9;29/12/2013 20.31.43;2.2;Monti_del_Matese;7231391511;01/01/2014 00.55
41.352;14.467;11;29/12/2013 20.18.10;2;Monti_del_Matese;7231391380;01/01/2014 00.55
41.396;14.444;10;29/12/2013 20.14.38;3.2;Monti_del_Matese;7231391340;01/01/2014 00.55
41.389;14.456;26;29/12/2013 20.05.16;2.2;Monti_del_Matese;7231391250;01/01/2014 00.55
41.356;14.445;10;29/12/2013 19.49.49;3.7;Monti_del_Matese;7231391090;01/01/2014 00.55
41.397;14.452;37;29/12/2013 19.00.39;2.6;Monti_del_Matese;7231390600;01/01/2014 00.55
41.358;14.48;8;29/12/2013 19.00.22;2.4;Monti_del_Matese;7231390601;01/01/2014 00.55
41.336;14.475;21;29/12/2013 18.33.28;2.4;Monti_del_Matese;7231390330;01/01/2014 00.55
41.355;14.449;24;29/12/2013 18.33.28;2.5;Monti_del_Matese;7231390331;01/01/2014 00.55
41.397;14.42;18;29/12/2013 18.19.59;2.2;Monti_del_Matese;7231390191;01/01/2014 00.55
41.336;14.462;23;29/12/2013 18.19.11;2.2;Monti_del_Matese;7231390190;01/01/2014 00.55
41.395;14.451;11;29/12/2013 18.16.18;2.5;Monti_del_Matese;7231390160;01/01/2014 00.55
41.381;14.466;16;29/12/2013 18.15.36;2.4;Monti_del_Matese;7231390150;01/01/2014 00.55
41.383;14.424;10;29/12/2013 18.11.54;2.7;Monti_del_Matese;7231390110;01/01/2014 00.55
41.394;14.412;18;29/12/2013 17.58.52;2.1;Monti_del_Matese;7231389980;01/01/2014 00.55
41.386;14.477;17;29/12/2013 17.48.30;2;Monti_del_Matese;7231389880;01/01/2014 00.55
41.366;14.454;10;29/12/2013 17.38.53;2.1;Monti_del_Matese;7231389780;01/01/2014 00.55
41.381;14.406;6;29/12/2013 17.37.52;2.1;Monti_del_Matese;7231389770;01/01/2014 00.55
41.384;14.425;19;29/12/2013 17.34.10;2;Monti_del_Matese;7231389740;01/01/2014 00.55
41.37;14.43;11;29/12/2013 17.29.45;2.8;Monti_del_Matese;7231389690;01/01/2014 00.55
41.383;14.423;22;29/12/2013 17.29.34;3;Monti_del_Matese;7231389691;01/01/2014 00.55
41.355;14.447;10;29/12/2013 17.26.47;2.8;Monti_del_Matese;7231389660;01/01/2014 00.55
41.355;14.424;21;29/12/2013 17.21.55;2.4;Monti_del_Matese;7231389611;01/01/2014 00.55
41.356;14.445;20;29/12/2013 17.21.29;2.3;Monti_del_Matese;7231389610;01/01/2014 00.55
41.376;14.428;22;29/12/2013 17.18.00;2.7;Monti_del_Matese;7231389580;01/01/2014 00.55
38.05;15.105;38;29/12/2013 17.16.45;2;Monti_Peloritani;7231389560;01/01/2014 00.55
41.393;14.451;25;29/12/2013 17.14.53;2.7;Monti_del_Matese;7231389540;01/01/2014 00.55
41.369;14.445;10;29/12/2013 17.08.43;4.9;Monti_del_Matese;7231389480;01/01/2014 00.55
41.371;14.44;11;29/12/2013 17.03.25;2.7;Monti_del_Matese;7231389430;01/01/2014 00.55
42.995;12.595;9;29/12/2013 16.52.18;2.5;Valle_del_Topino;7231389320;01/01/2014 00.55
43.396;12.515;7;29/12/2013 15.51.24;2.5;Bacino_di_Gubbio;7231388710;01/01/2014 00.55
43.372;12.531;7;29/12/2013 13.25.32;2.2;Bacino_di_Gubbio;7231387250;01/01/2014 00.55
43.397;12.513;8;29/12/2013 08.13.13;2.6;Bacino_di_Gubbio;7231384130;01/01/2014 00.55
43.394;12.514;8;29/12/2013 03.50.53;3.3;Bacino_di_Gubbio;7231381500;01/01/2014 00.55
43.411;12.493;8;29/12/2013 03.46.53;2.4;Bacino_di_Gubbio;7231381460;01/01/2014 00.55
43.394;12.525;8;29/12/2013 01.56.01;3.3;Bacino_di_Gubbio;7231380360;01/01/2014 00.55
41.255;14.943;11;29/12/2013 01.19.09;2.4;Sannio;7231379990;01/01/2014 00.55
41.234;14.927;22;29/12/2013 01.04.42;2.6;Sannio;7231379840;01/01/2014 00.55
43.407;12.51;8;28/12/2013 22.40.10;2.3;Bacino_di_Gubbio;7231378400;01/01/2014 00.55
42.716;13.28;9;28/12/2013 22.33.55;2;Monti_della_Laga;7231378330;01/01/2014 00.55
43.368;12.53;9;28/12/2013 20.28.43;2.1;Bacino_di_Gubbio;7231377080;01/01/2014 00.55
38.475;15.508;134;28/12/2013 16.09.07;2.4;Isole_Lipari;7231374490;01/01/2014 00.55
36.02;31.32;65;28/12/2013 15.21.06;5.9;Turkey;8231374010;01/01/2014 00.55
38.918;15.597;203;28/12/2013 14.23.19;2.4;Costa_calabra_occidentale;7231373430;01/01/2014 00.55
42.522;13.256;11;28/12/2013 12.46.19;2.1;Monti_della_Laga;7231372460;01/01/2014 00.55
37.433;15.937;6;28/12/2013 12.08.57;2.2;Mar_Ionio;7231372080;01/01/2014 00.55
38.185;15.562;10;28/12/2013 08.51.49;2;Stretto_di_Messina;7231370110;01/01/2014 00.55
43.395;12.524;8;28/12/2013 07.31.58;2.4;Bacino_di_Gubbio;7231369310;01/01/2014 00.55
43.39;12.523;8;28/12/2013 06.14.16;2.1;Bacino_di_Gubbio;7231368540;01/01/2014 00.55
43.397;12.519;8;28/12/2013 05.58.53;2.5;Bacino_di_Gubbio;7231368380;01/01/2014 00.55
37.987;14.652;9;28/12/2013 05.30.31;2.2;Costa_siciliana_settentrionale;7231368100;01/01/2014 00.55
43.19;12.338;5;28/12/2013 05.05.34;2.1;Alta_Val_Tiberina;7231367850;01/01/2014 00.55
43.395;12.517;8;28/12/2013 04.00.29;2.4;Bacino_di_Gubbio;7231367200;01/01/2014 00.55
43.39;12.515;9;28/12/2013 03.22.57;2;Bacino_di_Gubbio;7231366820;01/01/2014 00.55
43.395;12.514;9;28/12/2013 02.04.07;2.5;Bacino_di_Gubbio;7231366040;01/01/2014 00.55
43.377;12.52;9;28/12/2013 00.10.03;2.2;Bacino_di_Gubbio;7231364900;01/01/2014 00.55
43.393;12.521;7;27/12/2013 23.05.26;2;Bacino_di_Gubbio;7231364250;01/01/2014 00.55
43.394;12.523;8;27/12/2013 20.39.07;2.5;Bacino_di_Gubbio;7231362790;01/01/2014 00.55
43.394;12.522;8;27/12/2013 19.57.06;2;Bacino_di_Gubbio;7231362370;01/01/2014 00.55
43.389;12.523;7;27/12/2013 19.43.24;3.5;Bacino_di_Gubbio;7231362230;01/01/2014 00.55
28.46;-18.43;10;27/12/2013 17.46.10;5.3;Canary Islands Spain region;8231361060;01/01/2014 00.55
46.996;9.486;2;27/12/2013 07.08.28;3.5;Alpi_Atesine;7231354680;01/01/2014 00.55
43.42;12.496;6;26/12/2013 22.30.28;2.4;Metauro;7231349500;01/01/2014 00.55
42.588;13.426;14;26/12/2013 10.44.15;2.1;Monti_della_Laga;7231342440;01/01/2014 00.55
44.348;7.239;7;25/12/2013 22.02.11;2.3;Alpi_Marittime;7231334820;01/01/2014 00.55
38.168;15.555;8;25/12/2013 14.17.22;2;Stretto_di_Messina;7231330170;01/01/2014 00.55
43.392;12.523;9;25/12/2013 09.57.34;2.1;Bacino_di_Gubbio;7231327570;01/01/2014 00.55
43.529;12.165;9;25/12/2013 08.12.18;2.5;Alta_Val_Tiberina;7231326520;01/01/2014 00.55
43.365;12.561;8;25/12/2013 07.40.04;2;Bacino_di_Gubbio;7231326200;01/01/2014 00.55
43.389;12.525;9;25/12/2013 00.07.04;2.2;Bacino_di_Gubbio;7231321670;01/01/2014 00.55
43.377;12.533;9;24/12/2013 20.47.32;2.8;Bacino_di_Gubbio;7231319670;01/01/2014 00.55
43.362;12.758;14;24/12/2013 14.30.26;2.3;Gualdo_Tadino;7231315901;01/01/2014 00.55
38.476;15.554;134;24/12/2013 07.27.25;2.8;Isole_Lipari;7231311670;01/01/2014 00.55
38.175;15.035;10;24/12/2013 06.08.00;2.8;Golfi_di_Patti_e_di_Milazzo;7231310880;01/01/2014 00.55
43.364;12.568;7;24/12/2013 02.48.04;2.3;Bacino_di_Gubbio;7231308880;01/01/2014 00.55
43.364;12.565;8;24/12/2013 02.24.47;2.7;Bacino_di_Gubbio;7231308640;01/01/2014 00.55
43.388;12.523;8;24/12/2013 02.08.33;2.1;Bacino_di_Gubbio;7231308480;01/01/2014 00.55
40.543;15.952;9;23/12/2013 22.27.40;2.1;Appennino_Lucano;7231306270;01/01/2014 00.55
43.389;12.512;9;23/12/2013 21.25.41;2.2;Bacino_di_Gubbio;7231305650;01/01/2014 00.55
38.172;15.024;11;23/12/2013 20.00.59;2.4;Golfi_di_Patti_e_di_Milazzo;7231304800;01/01/2014 00.55
42.479;13.488;18;23/12/2013 18.44.48;2.3;Gran_Sasso;7231304040;01/01/2014 00.55
43.385;12.523;9;23/12/2013 18.00.48;2.7;Bacino_di_Gubbio;7231303600;01/01/2014 00.55
38.168;15.036;10;23/12/2013 17.55.52;2;Golfi_di_Patti_e_di_Milazzo;7231303550;01/01/2014 00.55
38.163;15.029;16;23/12/2013 16.17.10;2.9;Golfi_di_Patti_e_di_Milazzo;7231302570;01/01/2014 00.55
43.38;12.53;9;23/12/2013 16.12.28;2.1;Bacino_di_Gubbio;7231302520;01/01/2014 00.55
43.379;12.532;9;23/12/2013 15.54.22;2;Bacino_di_Gubbio;7231302340;01/01/2014 00.55
38.457;15.452;126;23/12/2013 15.10.22;2.9;Isole_Lipari;7231301900;01/01/2014 00.55
43.32;12.87;56;23/12/2013 10.50.40;2.1;Appennino_maceratese;7231299300;01/01/2014 00.55
45.482;10.157;8;23/12/2013 09.51.36;3.2;Prealpi_lombarde;7231298710;01/01/2014 00.55
38.162;15.052;8;23/12/2013 08.10.23;2.1;Golfi_di_Patti_e_di_Milazzo;7231297701;01/01/2014 00.55
38.179;15.032;8;23/12/2013 07.17.46;2.4;Golfi_di_Patti_e_di_Milazzo;7231297170;01/01/2014 00.55
38.165;15.032;11;23/12/2013 06.46.03;2.4;Golfi_di_Patti_e_di_Milazzo;7231296860;01/01/2014 00.55
38.169;15.565;7;23/12/2013 06.40.31;2;Stretto_di_Messina;7231296800;01/01/2014 00.55
43.389;12.517;8;23/12/2013 06.38.23;2.3;Bacino_di_Gubbio;7231296780;01/01/2014 00.55
38.149;15.577;4;23/12/2013 04.58.10;2.8;Stretto_di_Messina;7231295780;01/01/2014 00.55
38.186;15.568;7;23/12/2013 04.20.38;4;Stretto_di_Messina;7231295400;01/01/2014 00.55
45.52;10.087;11;23/12/2013 03.17.10;3.2;Prealpi_lombarde;7231294770;01/01/2014 00.55
43.383;12.531;8;22/12/2013 22.39.19;2.5;Bacino_di_Gubbio;7231291990;01/01/2014 00.55
43.379;12.523;9;22/12/2013 10.10.03;2.9;Bacino_di_Gubbio;7231284500;01/01/2014 00.55
43.383;12.519;8;22/12/2013 10.06.35;4;Bacino_di_Gubbio;7231284460;01/01/2014 00.55
43.38;12.517;9;22/12/2013 08.53.37;2.1;Bacino_di_Gubbio;7231283730;01/01/2014 00.55
43.37;12.528;7;22/12/2013 04.14.29;2;Bacino_di_Gubbio;7231280940;01/01/2014 00.55
42.504;13.244;11;22/12/2013 03.56.31;2.4;Monti_della_Laga;7231280760;01/01/2014 00.55
43.387;12.526;9;22/12/2013 02.11.18;2.2;Bacino_di_Gubbio;7231279710;01/01/2014 00.55
41.883;15.358;5;22/12/2013 01.58.46;2.3;Costa_molisana;7231279580;01/01/2014 00.55
43.38;12.524;8;22/12/2013 01.37.00;3.6;Bacino_di_Gubbio;7231279370;01/01/2014 00.55
43.387;12.528;8;22/12/2013 01.26.32;2.1;Bacino_di_Gubbio;7231279260;01/01/2014 00.55
43.399;12.513;9;21/12/2013 19.37.03;2.2;Bacino_di_Gubbio;7231275770;01/01/2014 00.55
44.521;6.783;10;21/12/2013 16.20.35;2.2;Alpi_Cozie;7231273800;01/01/2014 00.55
44.484;6.762;9;21/12/2013 16.09.22;3;Alpi_Cozie;7231273690;01/01/2014 00.55
43.383;12.512;9;21/12/2013 13.22.09;2.4;Bacino_di_Gubbio;7231272020;01/01/2014 00.55
43.382;12.529;9;21/12/2013 12.42.42;2;Bacino_di_Gubbio;7231271620;01/01/2014 00.55
44.175;10.128;7;21/12/2013 09.31.21;2.1;Lunigiana;7231269710;01/01/2014 00.55
43.385;12.513;9;21/12/2013 03.32.43;2.1;Bacino_di_Gubbio;7231266120;01/01/2014 00.55
44.128;10.875;10;21/12/2013 02.17.28;2.7;Appennino_pistoiese;7231265370;01/01/2014 00.55
44.106;10.871;17;21/12/2013 02.11.21;2.4;Appennino_pistoiese;7231265310;01/01/2014 00.55
44.127;10.886;12;21/12/2013 02.10.29;2.6;Appennino_pistoiese;7231265300;01/01/2014 00.55
38.423;15.759;39;21/12/2013 00.45.17;2.1;Costa_calabra_occidentale;7231264450;01/01/2014 00.55
41.676;14.826;15;20/12/2013 21.04.36;2.9;Monti_dei_Frentani;7231262240;01/01/2014 00.55
44.984;7.949;56;20/12/2013 20.02.45;2.2;Monferrato;7231261621;01/01/2014 00.55
43.383;12.519;9;20/12/2013 18.20.52;2.6;Bacino_di_Gubbio;7231260601;01/01/2014 00.55
41.686;14.821;16;20/12/2013 15.08.47;2.2;Monti_dei_Frentani;7231258681;01/01/2014 00.55
43.392;12.523;10;20/12/2013 14.43.51;2.1;Bacino_di_Gubbio;7231258430;01/01/2014 00.55
41.675;14.849;27;20/12/2013 13.48.17;2.1;Monti_dei_Frentani;7231257880;01/01/2014 00.55
41.68;14.838;10;20/12/2013 13.20.29;2.4;Monti_dei_Frentani;7231257600;01/01/2014 00.55
41.677;14.823;26;20/12/2013 13.08.58;3.8;Monti_dei_Frentani;7231257480;01/01/2014 00.55
43.385;12.535;9;20/12/2013 12.32.35;2;Bacino_di_Gubbio;7231257120;01/01/2014 00.55
43.391;12.52;9;20/12/2013 12.14.23;3.2;Bacino_di_Gubbio;7231256940;01/01/2014 00.55
44.607;7.723;52;20/12/2013 09.44.40;2.3;CuneeseValle_Stura;7231255440;01/01/2014 00.55
42.003;13.092;11;20/12/2013 08.05.23;2.2;Monti_TiburtiniPrenestini;7231254450;01/01/2014 00.55
38.599;15.67;90;20/12/2013 03.54.18;2.1;Costa_calabra_occidentale;7231251940;01/01/2014 00.55
43.39;12.526;9;19/12/2013 00.46.05;2.1;Bacino_di_Gubbio;7231235660;01/01/2014 00.55
43.386;12.539;8;18/12/2013 18.11.34;2.4;Bacino_di_Gubbio;7231231710;01/01/2014 00.55
43.371;12.52;8;18/12/2013 16.48.35;2;Bacino_di_Gubbio;7231230880;01/01/2014 00.55
43.379;12.527;9;18/12/2013 16.25.01;2.6;Bacino_di_Gubbio;7231230650;01/01/2014 00.55
43.385;12.53;9;18/12/2013 13.36.47;2.9;Bacino_di_Gubbio;7231228960;01/01/2014 00.55
43.382;12.536;8;18/12/2013 13.29.24;2.1;Bacino_di_Gubbio;7231228890;01/01/2014 00.55
43.38;12.535;9;18/12/2013 11.05.41;2;Bacino_di_Gubbio;7231227450;01/01/2014 00.55
43.384;12.535;6;18/12/2013 11.04.50;2;Bacino_di_Gubbio;7231227440;01/01/2014 00.55
43.381;12.53;9;18/12/2013 10.58.51;3.9;Bacino_di_Gubbio;7231227380;01/01/2014 00.55
38.431;15.308;130;18/12/2013 05.58.37;2.3;Isole_Lipari;7231224380;01/01/2014 00.55
38.343;15.392;121;18/12/2013 04.20.54;2.5;Golfi_di_Patti_e_di_Milazzo;7231223400;01/01/2014 00.55
38.66;15.441;171;18/12/2013 04.12.09;2.3;Costa_calabra_occidentale;7231223320;01/01/2014 00.55
44.496;10.178;23;18/12/2013 04.00.44;2.6;Frignano;7231223200;01/01/2014 00.55
43.409;13.03;8;17/12/2013 23.08.57;0.9;Appennino_maceratese;7231220280;01/01/2014 00.55
43.949;10.699;8;17/12/2013 16.09.01;2.1;Garfagnana;7231216090;01/01/2014 00.55
46.327;12.8;6;17/12/2013 11.49.34;3;Prealpi_venete;7231213490;01/01/2014 00.55
44.369;7.326;11;17/12/2013 11.30.56;2.1;Alpi_Cozie;7231213300;01/01/2014 00.55
38.444;15.309;130;17/12/2013 09.17.16;2.3;Isole_Lipari;7231211970;01/01/2014 00.55
41.31;15.243;16;16/12/2013 23.43.03;2.3;Monti_della_Daunia;7231206230;01/01/2014 00.55
40.094;15.874;8;16/12/2013 23.22.36;2;Monte_AlpiSirino;7231206020;01/01/2014 00.55
38.042;16.256;10;16/12/2013 23.08.43;2.8;Costa_calabra_meridionale;7231205880;01/01/2014 00.55
43.055;12.604;8;16/12/2013 21.59.49;2;Valle_del_Topino;7231205190;01/01/2014 00.55
37.766;14.707;32;16/12/2013 20.57.58;2.2;Monti_Nebrodi;7231204570;01/01/2014 00.55
43.122;13.412;25;16/12/2013 12.33.21;2;Zona_Ascoli_Piceno;7231199530;01/01/2014 00.55
42.476;13.479;13;16/12/2013 06.34.50;2.3;Gran_Sasso;7231195940;01/01/2014 00.55
41.881;15.792;21;16/12/2013 01.33.04;2.4;Promontorio_del_Gargano;7231192930;01/01/2014 00.55
38.288;13.282;7;15/12/2013 21.37.54;2.9;Tirreno_meridionale_A;7231190570;01/01/2014 00.55
37.751;14.652;37;15/12/2013 05.34.46;2.4;Monti_Nebrodi;7231180940;01/01/2014 00.55
36.671;14.941;10;15/12/2013 03.57.33;4.1;Golfo_di_NotoCapo_Passero;7231179970;01/01/2014 00.55
37.779;14.756;32;15/12/2013 02.11.25;2.4;Etna;7231178910;01/01/2014 00.55
37.785;14.764;32;15/12/2013 01.30.42;2.3;Etna;7231178500;01/01/2014 00.55
37.765;14.75;29;14/12/2013 21.49.05;3.3;Etna;7231176290;01/01/2014 00.55
37.764;14.706;32;14/12/2013 21.15.40;2.5;Monti_Nebrodi;7231175950;01/01/2014 00.55
37.781;14.781;30;14/12/2013 20.46.50;2.3;Etna;7231175660;01/01/2014 00.55
43.631;10.864;10;14/12/2013 20.04.12;2.1;Valdarno_inferiore;7231175240;01/01/2014 00.55
37.768;14.741;28;14/12/2013 19.44.18;2.4;Monti_Nebrodi;7231175040;01/01/2014 00.55
38.524;14.755;18;14/12/2013 15.47.09;2.3;Isole_Lipari;7231172670;01/01/2014 00.55
37.775;14.726;32;14/12/2013 15.07.19;2.1;Monti_Nebrodi;7231172270;01/01/2014 00.55
43.383;12.531;9;14/12/2013 11.17.26;2.1;Bacino_di_Gubbio;7231169970;01/01/2014 00.55
37.978;14.347;8;14/12/2013 08.59.42;2.2;Costa_siciliana_settentrionale;7231168590;01/01/2014 00.55
44.285;15.633;18;13/12/2013 22.05.21;3.3;Adriatico_centrosett.;8231162050;01/01/2014 00.55
39.661;16.011;91;13/12/2013 21.34.19;2.1;Pollino;7231161740;01/01/2014 00.55
38.578;14.248;8;13/12/2013 18.24.29;2.1;Isole_Lipari;7231159840;01/01/2014 00.55
38.492;15.513;132;13/12/2013 18.15.41;2.2;Isole_Lipari;7231159750;01/01/2014 00.55
43.408;12.504;8;13/12/2013 09.10.42;2;Bacino_di_Gubbio;7231154300;01/01/2014 00.55
40.552;13.412;7;13/12/2013 05.51.17;2.5;Tirreno_centrale;7231152310;01/01/2014 00.55
38.338;15.454;138;13/12/2013 01.13.30;2.2;Golfi_di_Patti_e_di_Milazzo;7231149530;01/01/2014 00.55
37.063;15.249;28;12/12/2013 17.34.43;2.1;Golfo_di_Augusta;7231144940;01/01/2014 00.55
44.919;11.227;6;12/12/2013 14.08.35;2.5;Pianura_padana_emiliana;7231142880;01/01/2014 00.55
38.698;15.601;150;12/12/2013 13.52.32;2.3;Costa_calabra_occidentale;7231142720;01/01/2014 00.55
46.162;7.599;8;12/12/2013 10.34.21;2.3;Alpi_Pennine;7231140740;01/01/2014 00.55
43.372;12.559;5;11/12/2013 18.56.26;2.5;Bacino_di_Gubbio;7231131360;01/01/2014 00.55
39.134;16.506;11;10/12/2013 21.08.51;2.4;La_Sila;7231118280;01/01/2014 00.55
39.714;15.447;10;10/12/2013 20.39.38;2.7;Costa_calabra_occidentale;7231117990;01/01/2014 00.55
39.668;15.436;9;10/12/2013 20.34.15;2.2;Costa_calabra_occidentale;7231117940;01/01/2014 00.55
39.909;16.052;7;10/12/2013 15.47.26;2.4;Pollino;7231115070;01/01/2014 00.55
40.747;13.902;0;10/12/2013 13.07.00;1.5;Golfo_di_NapoliIschiaCapri;8231113470;01/01/2014 00.55
39.008;15.909;57;10/12/2013 11.28.49;3;Costa_calabra_occidentale;7231112480;01/01/2014 00.55
38.386;15.828;16;10/12/2013 10.59.53;2;Piana_di_Gioia_Tauro;7231112190;01/01/2014 00.55
44.924;11.219;7;09/12/2013 23.08.06;2.7;Pianura_padana_emiliana;7231105080;01/01/2014 00.55
46.3;12.583;4;09/12/2013 17.38.58;2.5;Prealpi_venete;7231101780;01/01/2014 00.55
39.021;15.625;198;09/12/2013 06.12.51;2.4;Costa_calabra_occidentale;7231094920;01/01/2014 00.55
38.493;14.753;10;09/12/2013 04.25.42;2;Isole_Lipari;7231093850;01/01/2014 00.55
43.935;10.708;6;09/12/2013 02.51.12;2.4;Garfagnana;7231092910;01/01/2014 00.55
38.404;14.569;220;09/12/2013 00.53.44;3;Isole_Lipari;7231091730;01/01/2014 00.55
36.55;31.25;85;08/12/2013 17.31.57;5;Turkey;8231087310;01/01/2014 00.55
36.736;14.413;34;08/12/2013 16.53.06;2.7;Golfo_di_Gela;7231086930;01/01/2014 00.55
42.479;13.5;17;08/12/2013 15.09.00;1.9;Gran_Sasso;7231085890;01/01/2014 00.55
42.459;13.462;18;08/12/2013 14.35.33;3.5;Gran_Sasso;7231085550;01/01/2014 00.55
39.88;16.033;9;08/12/2013 07.56.58;2.3;Pollino;7231081560;01/01/2014 00.55
40.618;15.474;9;07/12/2013 15.53.56;2.5;Irpinia;7231071930;01/01/2014 00.55
38.144;14.88;14;07/12/2013 11.04.50;2.4;Costa_siciliana_settentrionale;7231069040;01/01/2014 00.55
43.047;12.888;7;07/12/2013 10.45.01;2.3;ColfioritoNocera_Umbra;7231068850;01/01/2014 00.55
43.046;12.889;8;07/12/2013 10.44.17;2.3;ColfioritoNocera_Umbra;7231068840;01/01/2014 00.55
42.759;12.995;8;06/12/2013 14.45.30;2;Val_Nerina;7231056850;01/01/2014 00.55
43.112;13.485;10;06/12/2013 14.03.23;2.3;Zona_Ascoli_Piceno;7231056430;01/01/2014 00.55
43.386;12.533;8;06/12/2013 10.14.04;2.4;Bacino_di_Gubbio;7231054140;01/01/2014 00.55
38.581;13.272;10;06/12/2013 04.32.21;2.7;Isola_di_Ustica;7231050720;01/01/2014 00.55
44.36;11.898;23;05/12/2013 18.49.25;2.4;Zona_Forli;7231044890;01/01/2014 00.55
38.293;15.725;16;05/12/2013 17.31.32;2.3;Costa_calabra_occidentale;7231044110;01/01/2014 00.55
46.047;8.226;14;05/12/2013 12.26.10;2;Alpi_Pennine;7231041060;01/01/2014 00.55
38.435;15.425;136;05/12/2013 06.52.41;2.2;Isole_Lipari;7231037720;01/01/2014 00.55
44.59;9.238;8;04/12/2013 17.44.16;2;Appennino_ligure;7231029840;01/01/2014 00.55
43.943;10.699;9;04/12/2013 15.37.00;2.1;Garfagnana;7231028570;01/01/2014 00.55
37.805;14.67;32;04/12/2013 08.20.21;2.1;Monti_Nebrodi;7231024200;01/01/2014 00.55
42.955;13.277;25;04/12/2013 06.15.52;2;Monti_Sibillini;7231022950;01/01/2014 00.55
42.958;13.266;25;04/12/2013 06.14.59;2.2;Monti_Sibillini;7231022940;01/01/2014 00.55
38.598;14.52;38;04/12/2013 03.16.39;2.2;Isole_Lipari;7231021160;01/01/2014 00.55
44.196;10.231;9;04/12/2013 02.36.57;2.1;Alpi_Apuane;7231020760;01/01/2014 00.55
40.796;16.548;37;03/12/2013 16.24.16;2.3;Le_Murge;7231014640;01/01/2014 00.55
44.493;7.213;10;03/12/2013 14.38.23;2.6;Alpi_Cozie;7231013580;01/01/2014 00.55
44.777;9.785;10;02/12/2013 21.33.29;2.3;Val_di_Taro;7231003330;01/01/2014 00.55
42.233;12.83;16;02/12/2013 20.27.08;2;Monti_Sabini;7231002670;01/01/2014 00.55
38.544;13.298;33;02/12/2013 18.28.27;3.2;Tirreno_meridionale_A;7231001480;01/01/2014 00.55
43.39;12.519;9;02/12/2013 14.45.14;2.6;Bacino_di_Gubbio;7230999250;01/01/2014 00.55
43.399;12.525;8;02/12/2013 11.23.01;2.2;Bacino_di_Gubbio;7230997230;01/01/2014 00.55
43.391;12.523;8;02/12/2013 11.22.18;2.7;Bacino_di_Gubbio;7230997220;01/01/2014 00.55
44.781;11.481;7;02/12/2013 00.09.04;2.4;Pianura_padana_emiliana;7230990490;01/01/2014 00.55
37.514;16.27;30;02/12/2013 00.00.18;3.1;Mar_Ionio;7230990400;01/01/2014 00.55
37.213;15.091;19;01/12/2013 17.22.07;2.2;Monti_Iblei;7230986420;01/01/2014 00.55
42.658;13.251;12;30/11/2013 21.09.50;2;Monti_Reatini;7230974291;01/01/2014 00.55
38.674;17.908;36;30/11/2013 20.49.31;2.9;Mar_Ionio;7230974091;01/01/2014 00.55
42.636;13.209;12;30/11/2013 20.39.26;2.1;Monti_Reatini;7230973990;01/01/2014 00.55
42.646;13.226;14;30/11/2013 20.14.51;3;Monti_Reatini;7230973740;01/01/2014 00.55
42.638;13.217;11;30/11/2013 20.13.38;3.9;Monti_Reatini;7230973730;01/01/2014 00.55
43.392;12.52;10;30/11/2013 08.33.07;2.6;Bacino_di_Gubbio;7230966730;01/01/2014 00.55
42.869;12.608;9;30/11/2013 04.35.28;2.2;Monti_Martani;7230964350;01/01/2014 00.55
44.346;11.717;25;30/11/2013 01.18.35;2.4;Zona_Bologna;7230962380;01/01/2014 00.55
38.376;15.423;118;30/11/2013 00.20.48;2.4;Golfi_di_Patti_e_di_Milazzo;7230961800;01/01/2014 00.55
37.847;15.437;31;29/11/2013 18.24.02;2;Stretto_di_Messina;7230958240;01/01/2014 00.55
37.839;15.467;28;29/11/2013 18.15.26;2;Stretto_di_Messina;7230958150;01/01/2014 00.55
42.635;13.219;13;29/11/2013 17.59.37;2.9;Monti_Reatini;7230957990;01/01/2014 00.55
42.644;13.223;14;29/11/2013 17.41.21;2.3;Monti_Reatini;7230957810;01/01/2014 00.55
37.846;15.466;32;29/11/2013 16.56.19;2;Stretto_di_Messina;7230957360;01/01/2014 00.55
38.994;15.709;112;29/11/2013 15.02.59;3;Costa_calabra_occidentale;7230956220;01/01/2014 00.55
37.698;14.857;9;29/11/2013 10.43.57;2.3;Etna;7230953630;01/01/2014 00.55
39.216;16.954;25;29/11/2013 09.55.49;2;Crotonese;7230953150;01/01/2014 00.55
39.222;16.989;24;29/11/2013 04.45.35;2.7;Crotonese;7230950050;01/01/2014 00.55
29.49;51.41;10;28/11/2013 13.51.37;5.6;Southern Iran;8230941110;01/01/2014 00.55
44.802;9.789;29;28/11/2013 08.12.42;2.4;Val_di_Taro;7230937720;01/01/2014 00.55
37.641;14.89;10;28/11/2013 06.06.40;2.3;Etna;7230936460;01/01/2014 00.55
37.63;14.952;5;28/11/2013 06.06.03;2.2;Etna;7230936461;01/01/2014 00.55
39.229;17.003;24;28/11/2013 05.00.50;2.3;Crotonese;7230935800;01/01/2014 00.55
43.403;12.483;8;28/11/2013 01.19.41;2.2;Bacino_di_Gubbio;7230933590;01/01/2014 00.55
44.814;11.45;6;27/11/2013 20.20.58;2.6;Pianura_padana_emiliana;7230930600;01/01/2014 00.55
38.668;14.216;8;27/11/2013 12.17.31;2.2;Tirreno_meridionale_B;7230925770;01/01/2014 00.55
40.553;15.79;18;27/11/2013 08.34.38;2.3;Appennino_Lucano;7230923540;01/01/2014 00.55
42.097;13.219;9;27/11/2013 07.50.01;1.7;Piana_del_Fucino;8230923100;01/01/2014 00.55
43.788;11.962;5;27/11/2013 05.38.43;2.4;Casentino;7230921780;01/01/2014 00.55
38.84;15.362;220;27/11/2013 03.02.29;2.6;Costa_calabra_occidentale;7230920220;01/01/2014 00.55
42.884;13.044;10;26/11/2013 16.19.45;2.5;Val_Nerina;7230913790;01/01/2014 00.55
38.457;15.441;134;26/11/2013 11.58.28;2.7;Isole_Lipari;7230911180;01/01/2014 00.55
41.681;14.824;11;26/11/2013 00.46.54;2;Monti_dei_Frentani;7230904460;01/01/2014 00.55
44.623;9.227;6;25/11/2013 22.53.05;2;Appennino_ligure;7230903330;01/01/2014 00.55
43.373;12.521;8;25/11/2013 17.37.36;2;Bacino_di_Gubbio;7230900170;01/01/2014 00.55
39.235;16.976;25;25/11/2013 13.51.09;2.4;Crotonese;7230897910;01/01/2014 00.55
39.207;17.071;10;25/11/2013 11.23.53;2.2;Crotonese;7230896430;01/01/2014 00.55
39.215;17.032;27;25/11/2013 10.13.10;2;Crotonese;7230895730;01/01/2014 00.55
44.017;11.871;30;25/11/2013 09.19.44;2;Appennino_forlivese;7230895190;01/01/2014 00.55
-54.08;-55.08;2;25/11/2013 06.27.08;6.7;Falkland Islands region;8230893470;01/01/2014 00.55
45.69;151;40;25/11/2013 05.56.51;6.1;Kuril Islands Russia;8230893160;01/01/2014 00.55
39.18;16.99;23;24/11/2013 20.18.41;2.2;Crotonese;7230875270;01/01/2014 00.55
39.219;16.951;18;24/11/2013 20.04.31;2.7;Crotonese;7230887240;01/01/2014 00.55
43.508;12.405;8;24/11/2013 19.54.05;2;Metauro;7230887140;01/01/2014 00.55
39.228;16.989;26;24/11/2013 18.49.18;2;Crotonese;7230886490;01/01/2014 00.55
43.508;12.409;6;24/11/2013 10.07.36;2.3;Metauro;7230881270;01/01/2014 00.55
39.163;16.471;22;24/11/2013 03.34.40;2;La_Sila;7230877340;01/01/2014 00.55
39.934;16.017;6;24/11/2013 03.09.11;2.7;Monte_AlpiSirino;7230877090;01/01/2014 00.55
41.803;15.842;20;23/11/2013 15.03.09;2.3;Promontorio_del_Gargano;7230869830;01/01/2014 00.55
-17.15;-176.51;367;23/11/2013 07.48.32;6.4;Fiji Islands region;8230865480;01/01/2014 00.55
42.6;13.097;1;23/11/2013 00.17.08;2.2;Monti_Reatini;7230860970;01/01/2014 00.55
44.909;9.01;3;22/11/2013 23.04.06;3.3;Appennino_ligure;7230860240;01/01/2014 00.55
44.917;9.027;3;22/11/2013 19.50.23;3.7;Appennino_ligure;7230858300;01/01/2014 00.55
43.991;11.833;35;22/11/2013 12.18.50;3;Appennino_forlivese;7230853780;01/01/2014 00.55
42.468;13.195;11;22/11/2013 06.43.39;2.1;Aquilano;7230850430;01/01/2014 00.55
43.204;12.733;10;22/11/2013 03.32.15;2.1;Bacino_di_Gubbio;7230848520;01/01/2014 00.55
43.382;12.535;8;22/11/2013 03.25.27;2.2;Bacino_di_Gubbio;7230848450;01/01/2014 00.55
41.161;14.743;8;21/11/2013 21.33.51;2.1;Sannio;7230844931;01/01/2014 00.55
43.955;10.692;6;21/11/2013 19.24.52;2;Garfagnana;7230843640;01/01/2014 00.55
44.916;9.055;10;21/11/2013 10.40.21;2.5;Appennino_ligure;7230838400;01/01/2014 00.55
44.91;9.029;5;21/11/2013 10.36.49;3.8;Appennino_ligure;7230838360;01/01/2014 00.55
44.922;9.044;4;21/11/2013 10.34.14;3.1;Appennino_ligure;7230838340;01/01/2014 00.55
47.72;-3.01;10;21/11/2013 09.53.05;4.5;France;8230837930;01/01/2014 00.55
43.383;12.527;8;21/11/2013 03.22.53;2.4;Bacino_di_Gubbio;7230834020;01/01/2014 00.55
37.295;14.492;27;21/11/2013 02.52.28;2.4;Sicilia_centrale;7230833720;01/01/2014 00.55
44.602;6.933;10;20/11/2013 18.45.54;2;Alpi_Cozie;7230828850;01/01/2014 00.55
43.386;12.531;9;20/11/2013 14.13.03;3;Bacino_di_Gubbio;7230826130;01/01/2014 00.55
41.448;14.785;13;20/11/2013 10.20.51;2.1;Sannio;7230823800;01/01/2014 00.55
43.945;10.697;5;19/11/2013 21.05.48;2.2;Garfagnana;7230815850;01/01/2014 00.55
43.583;12.929;37;19/11/2013 16.06.57;2.1;Metauro;7230812860;01/01/2014 00.55
37.945;14.604;7;19/11/2013 15.58.08;2.6;Monti_Nebrodi;7230812780;01/01/2014 00.55
44.544;6.797;9;19/11/2013 07.25.15;2;Alpi_Cozie;7230807650;01/01/2014 00.55
43.383;12.531;8;19/11/2013 00.42.53;2;Bacino_di_Gubbio;7230803620;01/01/2014 00.55
43.388;12.524;9;18/11/2013 18.09.42;2.4;Bacino_di_Gubbio;7230799690;01/01/2014 00.55
38.524;15.433;133;18/11/2013 11.15.34;2.2;Isole_Lipari;7230795551;01/01/2014 00.55
38.137;15.111;3;18/11/2013 10.47.21;2;Golfi_di_Patti_e_di_Milazzo;7230795270;01/01/2014 00.55
42.801;12.741;7;18/11/2013 10.17.34;2.4;Valle_del_Topino;7230794970;01/01/2014 00.55
43.373;12.519;8;18/11/2013 07.55.16;2.6;Bacino_di_Gubbio;7230793550;01/01/2014 00.55
38.097;15.063;11;18/11/2013 07.39.36;2.3;Golfi_di_Patti_e_di_Milazzo;7230793390;01/01/2014 00.55
37.906;13.879;10;18/11/2013 06.57.11;2;Madonie;7230792970;01/01/2014 00.55
41.824;13.982;10;18/11/2013 00.54.12;2.6;Marsica;7230789340;01/01/2014 00.55
42.998;14.208;10;18/11/2013 00.34.22;2.5;Adriatico_centrosett.;7230789140;01/01/2014 00.55
43.113;12.782;9;17/11/2013 21.53.37;2;Gualdo_Tadino;7230787530;01/01/2014 00.55
42.261;13.454;11;17/11/2013 14.06.34;2.8;VelinoSirente;7230782860;01/01/2014 00.55
-60.3;-46.36;10;17/11/2013 09.04.55;7.8;Scotia Sea;8230779840;01/01/2014 00.55
37.675;13.834;36;17/11/2013 09.02.48;2.9;Sicilia_centrale;7230779820;01/01/2014 00.55
43.343;12.597;9;17/11/2013 03.45.31;2.1;Bacino_di_Gubbio;7230776650;01/01/2014 00.55
43.446;12.47;8;16/11/2013 22.43.42;2.2;Metauro;7230773630;01/01/2014 00.55
41.187;15.023;25;16/11/2013 22.16.30;2.2;Sannio;7230773360;01/01/2014 00.55
43.386;12.531;8;16/11/2013 21.10.57;2.8;Bacino_di_Gubbio;7230772700;01/01/2014 00.55
43.536;13.739;10;16/11/2013 20.51.59;2.2;Adriatico_centrosett.;7230772510;01/01/2014 00.55
37.182;15.747;24;16/11/2013 08.34.45;2.1;Mar_Ionio;7230765140;01/01/2014 00.55
39.705;15.464;10;16/11/2013 07.49.53;2;Costa_calabra_occidentale;7230764690;01/01/2014 00.55
39.702;15.483;10;16/11/2013 07.47.32;2.8;Costa_calabra_occidentale;7230764670;01/01/2014 00.55
41.99;15.107;10;16/11/2013 04.12.54;2.3;Costa_molisana;7230762520;01/01/2014 00.55
-60.27;-47.17;10;16/11/2013 03.34.31;6.8;Scotia Sea;8230762140;01/01/2014 00.55
37.24;15.961;10;16/11/2013 03.03.03;2.3;Mar_Ionio;7230761830;01/01/2014 00.55
43.88;8.533;10;15/11/2013 22.21.00;2.3;Mar_Ligure;7230759010;01/01/2014 00.55
42.484;13.364;11;15/11/2013 17.52.21;2;Gran_Sasso;7230756320;01/01/2014 00.55
42.816;6.158;10;15/11/2013 14.47.17;2.5;Western Mediterranean Sea;7230754470;01/01/2014 00.55
42.145;15.365;10;15/11/2013 08.50.35;2.2;Adriatico_centrosett.;7230750900;01/01/2014 00.55
43.387;12.53;8;14/11/2013 17.20.06;2.7;Bacino_di_Gubbio;7230741600;01/01/2014 00.55
44.551;8.892;11;14/11/2013 11.34.36;3.1;Zona_Genova;7230738140;01/01/2014 00.55
41.808;15.931;32;14/11/2013 03.13.06;2.3;Promontorio_del_Gargano;7230733130;01/01/2014 00.55
42.645;12.736;6;13/11/2013 14.27.52;2.5;Val_Nerina;7230725470;01/01/2014 00.55
44.885;11.273;5;13/11/2013 10.23.07;2.8;Pianura_padana_emiliana;7230723030;01/01/2014 00.55
43.384;12.535;8;13/11/2013 04.28.17;2.1;Bacino_di_Gubbio;7230719480;01/01/2014 00.55
44.868;11.402;10;13/11/2013 03.28.00;2.1;Pianura_padana_emiliana;7230718880;01/01/2014 00.55
44.523;7.233;11;13/11/2013 02.52.55;2.2;Alpi_Cozie;7230718521;01/01/2014 00.55
40.723;15.727;5;12/11/2013 19.03.15;2.3;Appennino_Lucano;7230713830;01/01/2014 00.55
43.582;13.747;8;12/11/2013 13.51.41;2.4;Adriatico_centrosett.;7230710710;01/01/2014 00.55
37.734;14.94;24;12/11/2013 12.43.05;2;Etna;7230710030;01/01/2014 00.55
39.172;19.269;53;12/11/2013 12.31.27;3.5;Mar_Ionio;7230709910;01/01/2014 00.55
54.681;162.286;47;12/11/2013 07.04.51;6.6;Near east coast of Kamchatka Peninsula Russia;8230706640;01/01/2014 00.55
39.89;16.08;8;12/11/2013 06.23.58;2;Pollino;7230706230;01/01/2014 00.55
43.385;12.533;8;12/11/2013 01.40.33;2.1;Bacino_di_Gubbio;7230703400;01/01/2014 00.55
43.141;12.989;13;12/11/2013 00.33.26;2.1;Appennino_maceratese;7230702730;01/01/2014 00.55
42.242;13.515;10;11/11/2013 22.53.35;2.3;VelinoSirente;7230701730;01/01/2014 00.55
44.329;7.266;8;11/11/2013 20.06.45;2.2;Alpi_Marittime;7230700060;01/01/2014 00.55
37.143;15.557;10;11/11/2013 15.21.35;2;Mar_Ionio;7230697210;01/01/2014 00.55
37.789;14.881;8;11/11/2013 12.31.17;2.6;Etna;7230695510;01/01/2014 00.55
39.044;15.006;268;11/11/2013 11.38.41;2.6;Tirreno_meridionale_B;7230694980;01/01/2014 00.55
37.224;16.134;10;11/11/2013 04.39.05;2.4;Mar_Ionio;7230690790;01/01/2014 00.55
37.117;14.46;28;10/11/2013 05.57.43;2;Monti_Iblei;7230677170;01/01/2014 00.55
44.442;7.261;13;10/11/2013 04.54.10;2.3;Alpi_Cozie;7230676540;01/01/2014 00.55
40.679;16.265;27;09/11/2013 23.56.22;2.1;Le_Murge;7230673560;01/01/2014 00.55
43.984;7.539;10;09/11/2013 10.17.58;2.7;Alpi_Marittime;7230665370;01/01/2014 00.55
38.519;14.602;10;08/11/2013 19.11.37;2;Isole_Lipari;7230656310;01/01/2014 00.55
44.844;11.297;5;08/11/2013 04.36.43;2;Pianura_padana_emiliana;7230647560;01/01/2014 00.55
44.874;11.267;3;08/11/2013 04.17.23;2.7;Pianura_padana_emiliana;7230647370;01/01/2014 00.55
38.754;15.602;158;07/11/2013 00.55.48;2.6;Costa_calabra_occidentale;7230630950;01/01/2014 00.55
37.728;14.929;12;06/11/2013 04.45.00;2.3;Etna;8230618850;01/01/2014 00.55
37.718;14.913;16;06/11/2013 04.44.00;2.2;Etna;8230618840;01/01/2014 00.55
37.703;14.912;17;06/11/2013 04.31.00;2.4;Etna;8230618710;01/01/2014 00.55
40.797;14.888;9;06/11/2013 00.59.28;2;Irpinia;7230616590;01/01/2014 00.55
43.379;12.53;8;06/11/2013 00.39.18;2.4;Bacino_di_Gubbio;7230616390;01/01/2014 00.55
38.004;14.794;7;05/11/2013 23.20.54;2.3;Monti_Nebrodi;7230615600;01/01/2014 00.55
38.005;14.793;7;05/11/2013 17.38.34;2.2;Monti_Nebrodi;7230612180;01/01/2014 00.55
39.863;16.004;7;05/11/2013 17.26.45;3.3;Pollino;7230612060;01/01/2014 00.55
39.877;16.01;8;05/11/2013 17.25.23;2.8;Pollino;7230612050;01/01/2014 00.55
37.685;14.92;17;05/11/2013 16.42.56;2;Etna;7230611620;01/01/2014 00.55
37.686;14.909;25;05/11/2013 15.26.52;2.3;Etna;7230610861;01/01/2014 00.55
37.709;14.938;14;05/11/2013 10.42.03;2.4;Etna;7230608020;01/01/2014 00.55
37.656;14.926;18;05/11/2013 05.33.04;2.5;Etna;7230604930;01/01/2014 00.55
37.656;14.926;18;05/11/2013 05.29.58;2.9;Etna;7230604890;01/01/2014 00.55
37.656;14.926;18;05/11/2013 05.21.46;2.7;Etna;7230604810;01/01/2014 00.55
37.686;14.913;25;05/11/2013 05.20.02;2.1;Etna;7230604801;01/01/2014 00.55
37.656;14.926;18;05/11/2013 05.16.10;2.8;Etna;7230604760;01/01/2014 00.55
37.656;14.926;18;05/11/2013 05.10.16;3.4;Etna;7230604700;01/01/2014 00.55
37.656;14.926;18;05/11/2013 05.07.50;2.6;Etna;7230604670;01/01/2014 00.55
37.656;14.926;18;05/11/2013 05.06.39;3.1;Etna;7230604660;01/01/2014 00.55
43.384;12.532;8;05/11/2013 00.20.42;3.2;Bacino_di_Gubbio;7230601800;01/01/2014 00.55
44.885;11.102;5;04/11/2013 20.59.14;2.1;Pianura_padana_emiliana;7230599790;01/01/2014 00.55
43.799;13.233;10;04/11/2013 11.09.33;2;Costa_marchig._sett._(Pesaro);7230593890;01/01/2014 00.55
42.207;13.281;9;04/11/2013 06.30.02;2.1;VelinoSirente;7230591090;01/01/2014 00.55
38.484;14.798;8;03/11/2013 23.26.28;2.1;Isole_Lipari;7230586860;01/01/2014 00.55
47.305;8.29;7;03/11/2013 21.42.44;2.2;Switzerland;7230585820;01/01/2014 00.55
40.579;15.127;8;03/11/2013 14.57.38;2;Piana_del_Sele;7230581770;01/01/2014 00.55
40.594;15.166;2;03/11/2013 14.33.41;2.7;Piana_del_Sele;7230581530;01/01/2014 00.55
38.363;15.434;116;03/11/2013 06.49.12;2;Golfi_di_Patti_e_di_Milazzo;7230576890;01/01/2014 00.55
39.046;16.277;10;02/11/2013 20.30.21;2.1;La_Sila;7230570700;01/01/2014 00.55
38.355;16.349;46;02/11/2013 19.14.35;2.1;Costa_calabra_meridionale;7230569940;01/01/2014 00.55
-19.157;-172.642;10;02/11/2013 18.53.47;6.4;Tonga Islands region;8230569730;01/01/2014 00.55
44.135;10.853;20;02/11/2013 13.14.50;2.2;Appennino_pistoiese;7230566340;01/01/2014 00.55
42.509;13.418;12;02/11/2013 09.28.08;2;Gran_Sasso;7230564080;01/01/2014 00.55
38.411;15.339;132;02/11/2013 09.10.54;2.4;Isole_Lipari;7230563900;01/01/2014 00.55
45.517;10.112;5;02/11/2013 03.32.08;2.3;Prealpi_lombarde;7230560520;01/01/2014 00.55
40.592;15.122;3;01/11/2013 23.41.04;2.3;Piana_del_Sele;7230558210;01/01/2014 00.55
37.579;13.673;10;01/11/2013 06.52.30;2.2;Monti_Sicani;7230548120;01/01/2014 00.55
38.807;15.724;211;01/11/2013 04.40.17;3.1;Costa_calabra_occidentale;7230546800;01/01/2014 00.55
37.717;13.856;6;01/11/2013 01.54.31;2.2;Madonie;7230545140;01/01/2014 00.55
37.747;13.856;1;01/11/2013 00.08.41;3.1;Madonie;7230544080;01/01/2014 00.55
-30.31;-71.7;10;31/10/2013 23.03.56;6.5;Near coast of central Chile;8230543430;01/01/2014 00.55
43.988;7.529;9;31/10/2013 22.09.35;3;Alpi_Marittime;7230542890;01/01/2014 00.55
43.552;13.726;10;31/10/2013 21.10.24;2;Adriatico_centrosett.;7230542300;01/01/2014 00.55
46.242;12.486;6;31/10/2013 18.46.22;3.2;Prealpi_venete;7230540860;01/01/2014 00.55
37.13;15.394;11;31/10/2013 16.38.11;2.4;Mar_Ionio;7230539580;01/01/2014 00.55
43.349;12.535;7;31/10/2013 12.22.51;2.2;Bacino_di_Gubbio;7230537020;01/01/2014 00.55
23.591;121.441;9;31/10/2013 12.02.08;6.6;Taiwan;8230536820;01/01/2014 00.55
44.779;8.982;7;31/10/2013 05.47.47;2.4;Appennino_ligure;7230533070;01/01/2014 00.55
43.172;10.804;7;30/10/2013 18.25.02;2.6;Colline_Metallifere;7230526250;01/01/2014 00.55
39.252;15.677;224;30/10/2013 18.02.49;2.6;Costa_calabra_occidentale;7230526020;01/01/2014 00.55
44.58;9.241;6;30/10/2013 15.38.48;2.9;Appennino_ligure;7230524580;01/01/2014 00.55
38.921;15.713;170;30/10/2013 13.22.26;2.3;Costa_calabra_occidentale;7230523220;01/01/2014 00.55
44.602;9.237;8;30/10/2013 13.06.10;2;Appennino_ligure;7230523060;01/01/2014 00.55
38.894;15.414;217;30/10/2013 08.49.23;2.2;Costa_calabra_occidentale;7230520490;01/01/2014 00.55
37.872;15.489;31;30/10/2013 05.46.15;2;Stretto_di_Messina;7230518660;01/01/2014 00.55
36.729;13.19;30;30/10/2013 03.04.53;2.9;Mar_di_Sicilia;7230517040;01/01/2014 00.55
-34.41;-73.32;10;30/10/2013 02.51.51;6.1;Off coast of central Chile;8230516910;01/01/2014 00.55
38.749;15.327;227;30/10/2013 02.35.20;2.6;Isole_Lipari;7230516750;01/01/2014 00.55
38.511;13.316;10;30/10/2013 01.06.43;2.4;Tirreno_meridionale_A;7230515860;01/01/2014 00.55
47.276;10.823;8;29/10/2013 22.59.27;2.3;Austria;7230514590;01/01/2014 00.55
38.374;15.005;13;29/10/2013 22.12.59;2.1;Isole_Lipari;7230514120;01/01/2014 00.55
38.472;15.533;134;29/10/2013 20.16.22;2.1;Isole_Lipari;7230512960;01/01/2014 00.55
37.834;15;26;29/10/2013 16.53.59;2;Etna;7230510930;01/01/2014 00.55
39.353;16.183;4;29/10/2013 04.36.57;2.1;Valle_del_Crati;7230503560;01/01/2014 00.55
36.995;15.333;11;29/10/2013 02.11.29;2.2;Golfo_di_Augusta;7230502110;01/01/2014 00.55
38.252;15.776;126;28/10/2013 21.27.22;2.2;Stretto_di_Messina;7230499270;01/01/2014 00.55
37.769;14.938;24;28/10/2013 17.09.27;2.6;Etna;8230496690;01/01/2014 00.55
43.698;13.936;20;28/10/2013 12.08.41;2.3;Adriatico_centrosett.;7230493680;01/01/2014 00.55
38.405;15.14;189;28/10/2013 06.23.54;2.6;Isole_Lipari;7230490230;01/01/2014 00.55
38.682;15.394;203;28/10/2013 06.23.54;2.9;Isole_Lipari;7230490231;01/01/2014 00.55
44.584;9.278;8;28/10/2013 04.33.27;2.2;Valle_del_Trebbia;7230489130;01/01/2014 00.55
37.856;14.492;10;28/10/2013 04.13.11;2.4;Monti_Nebrodi;7230488930;01/01/2014 00.55
41.751;14.031;10;27/10/2013 23.42.07;2.6;Marsica;7230486220;01/01/2014 00.55
40.544;15.798;23;27/10/2013 18.30.19;2;Appennino_Lucano;7230483100;01/01/2014 00.55
44.771;8.976;10;27/10/2013 07.26.30;3.1;Appennino_ligure;7230476460;01/01/2014 00.55
44.441;10.835;46;26/10/2013 21.39.49;2;Appennino_modenese;7230470590;01/01/2014 00.55
37.85;14.97;25;26/10/2013 20.46.42;2.2;Etna;8230470060;01/01/2014 00.55
38.342;13.617;10;26/10/2013 09.55.01;2.1;Tirreno_meridionale_A;7230463550;01/01/2014 00.55
39.834;16.225;8;26/10/2013 07.59.27;1.5;Pollino;7230462390;01/01/2014 00.55
37.845;15.005;29;26/10/2013 03.11.56;2.3;Etna;7230459510;01/01/2014 00.55
37.845;14.999;27;26/10/2013 01.23.20;2.2;Etna;7230458430;01/01/2014 00.55
37.855;15.002;24;26/10/2013 01.20.25;2.8;Etna;8230458400;01/01/2014 00.55
42.177;13.896;10;25/10/2013 17.54.29;2;Bacino_di_Sulmona;7230453940;01/01/2014 00.55
37.194;144.663;10;25/10/2013 17.10.16;7.3;Off east coast of Honshu Japan;8230453500;01/01/2014 00.55
37.837;14.991;27;25/10/2013 15.41.01;2.2;Etna;7230452610;01/01/2014 00.55
37.818;15.009;40;25/10/2013 14.32.21;2.1;Etna;7230451920;01/01/2014 00.55
37.875;15.001;26;25/10/2013 13.46.16;2.1;Etna;7230451460;01/01/2014 00.55
37.844;14.997;30;25/10/2013 12.59.05;2;Etna;7230450991;01/01/2014 00.55
37.844;14.989;26;25/10/2013 12.53.13;2.2;Etna;7230450930;01/01/2014 00.55
44.957;11.141;5;25/10/2013 12.24.38;2.2;Pianura_padana_lombarda;7230450640;01/01/2014 00.55
37.837;14.998;25;25/10/2013 12.11.30;2.1;Etna;7230450510;01/01/2014 00.55
37.851;15.016;30;25/10/2013 12.10.30;2.2;Etna;7230450500;01/01/2014 00.55
37.818;14.986;9;25/10/2013 12.09.33;2;Etna;7230450490;01/01/2014 00.55
37.856;14.991;30;25/10/2013 12.06.12;2;Etna;7230450460;01/01/2014 00.55
37.84;14.99;22;25/10/2013 12.05.00;2.6;Etna;8230450450;01/01/2014 00.55
37.856;15.004;34;25/10/2013 12.04.31;2.1;Etna;7230450440;01/01/2014 00.55
37.864;15.002;29;25/10/2013 10.38.22;2.1;Etna;7230449580;01/01/2014 00.55
44.269;10.503;18;25/10/2013 09.17.00;3.1;Frignano;7230448770;01/01/2014 00.55
43.795;11.95;6;24/10/2013 07.32.29;2.4;Casentino;7230433320;01/01/2014 00.55
42.41;12.881;8;24/10/2013 04.32.00;2;Reatino;7230431520;01/01/2014 00.55
38.237;14.845;124;24/10/2013 02.41.26;2.1;Golfi_di_Patti_e_di_Milazzo;7230430410;01/01/2014 00.55
42.796;12.653;8;23/10/2013 11.06.21;2.9;Monti_Martani;7230421060;01/01/2014 00.55
38.442;15.205;147;23/10/2013 10.01.49;2.3;Isole_Lipari;7230420410;01/01/2014 00.55
42.778;12.754;8;23/10/2013 03.45.41;2.6;Valle_del_Topino;7230416650;01/01/2014 00.55
40.766;15.276;9;23/10/2013 03.01.09;2;Irpinia;7230416210;01/01/2014 00.55
42.551;13.411;18;23/10/2013 00.31.22;3.2;Monti_della_Laga;7230414710;01/01/2014 00.55
44.186;10.201;9;22/10/2013 15.29.59;2.4;Alpi_Apuane;7230409290;01/01/2014 00.55
44.199;10.152;10;22/10/2013 03.34.51;2.5;Lunigiana;7230402140;01/01/2014 00.55
38.565;15.325;205;22/10/2013 01.13.33;2.2;Isole_Lipari;7230400730;01/01/2014 00.55
42.777;12.743;7;21/10/2013 19.47.39;2.6;Valle_del_Topino;7230397470;01/01/2014 00.55
38.458;14.813;4;21/10/2013 15.00.36;2;Isole_Lipari;7230394600;01/01/2014 00.55
46.317;13.723;3;21/10/2013 12.42.48;2.4;Alpi_Giulie;7230393220;01/01/2014 00.55
43.379;12.547;5;21/10/2013 09.49.03;2;Bacino_di_Gubbio;7230391490;01/01/2014 00.55
37.632;12.917;31;21/10/2013 03.06.42;2;Valle_del_Belice;7230387460;01/01/2014 00.55
44.717;9.016;10;20/10/2013 07.53.21;2.4;Appennino_ligure;7230375930;01/01/2014 00.55
44.732;9.022;21;20/10/2013 07.51.08;2.3;Appennino_ligure;7230375910;01/01/2014 00.55
42.857;13.332;23;20/10/2013 01.20.58;2;Monti_Sibillini;7230372000;01/01/2014 00.55
39.077;15.903;61;19/10/2013 19.15.18;2;Costa_calabra_occidentale;7230368350;01/01/2014 00.55
26.27;-110.178;1;19/10/2013 17.54.56;6.5;Gulf of California Mexico;8230367540;01/01/2014 00.55
44.77;8.999;22;19/10/2013 16.21.57;3.4;Appennino_ligure;7230366610;01/01/2014 00.55
43.682;10.288;10;19/10/2013 12.32.28;2;Costa_toscana_settentrionale;7230364320;01/01/2014 00.55
43.675;10.274;10;19/10/2013 12.29.35;3.4;Costa_toscana_settentrionale;7230364290;01/01/2014 00.55
40.59;15.169;10;19/10/2013 11.08.02;2.7;Piana_del_Sele;7230363480;01/01/2014 00.55
40.602;15.152;10;19/10/2013 11.04.26;2.6;Piana_del_Sele;7230363440;01/01/2014 00.55
43.379;12.529;9;19/10/2013 05.33.35;2;Bacino_di_Gubbio;7230360130;01/01/2014 00.55
43.38;12.532;8;19/10/2013 02.19.34;2.1;Bacino_di_Gubbio;7230358190;01/01/2014 00.55
43.377;12.526;8;19/10/2013 02.15.28;3.2;Bacino_di_Gubbio;7230358150;01/01/2014 00.55
40.798;15.205;14;18/10/2013 20.50.52;3;Irpinia;7230354900;01/01/2014 00.55
38.382;16.151;11;18/10/2013 19.44.21;2;Le_Serre;7230354240;01/01/2014 00.55
43.685;10.289;10;18/10/2013 11.44.00;2.6;Costa_toscana_settentrionale;7230349440;01/01/2014 00.55
38.361;14.867;8;18/10/2013 11.14.24;2.2;Isole_Lipari;7230349140;01/01/2014 00.55
36.785;14.966;2;18/10/2013 11.05.21;3;Monti_Iblei;7230349050;01/01/2014 00.55
43.541;13.804;10;18/10/2013 04.55.32;2.2;Adriatico_centrosett.;7230345350;01/01/2014 00.55
43.528;13.799;10;17/10/2013 20.01.59;2.7;Adriatico_centrosett.;7230340010;01/01/2014 00.55
44.861;11.238;8;17/10/2013 11.32.39;2.2;Pianura_padana_emiliana;7230334920;01/01/2014 00.55
42.924;6.264;10;17/10/2013 10.27.08;2.6;Western Mediterranean Sea;7230334271;01/01/2014 00.55
39.182;16.461;9;17/10/2013 04.53.19;2;La_Sila;7230330930;01/01/2014 00.55
37.688;15.291;24;17/10/2013 01.28.33;2;Golfo_di_Catania;7230328880;01/01/2014 00.55
41.682;13.942;14;16/10/2013 13.34.25;2.3;Monti_della_MetaLe_Mainarde;7230321740;01/01/2014 00.55
-6.6;154.9;33;16/10/2013 10.31.00;7.1;Bougainville Solomon Islands region;8230319910;01/01/2014 00.55
45.63;26.59;150;15/10/2013 19.33.12;4.8;Romania;8230310930;01/01/2014 00.55
44.209;10.2;11;15/10/2013 18.57.54;2.2;Lunigiana;7230310570;01/01/2014 00.55
38.483;15.517;133;15/10/2013 18.03.17;2.4;Isole_Lipari;7230310030;01/01/2014 00.55
43.63;13.773;10;15/10/2013 10.48.03;2;Adriatico_centrosett.;7230305680;01/01/2014 00.55
44.408;7.256;16;15/10/2013 02.47.13;3.4;Alpi_Cozie;7230300870;01/01/2014 00.55
9.9;124.08;48;15/10/2013 00.12.33;7.2;Mindanao Philippine Islands;8230299320;01/01/2014 00.55
43.328;12.585;9;14/10/2013 22.07.57;2.1;Bacino_di_Gubbio;7230298070;01/01/2014 00.55
38.206;12.071;21;14/10/2013 19.48.49;3.2;Tirreno_meridionale_B;8230296680;01/01/2014 00.55
44.8;8.987;10;14/10/2013 16.26.33;2.4;Appennino_ligure;7230294660;01/01/2014 00.55
38.842;15.239;9;14/10/2013 15.16.17;2;Isole_Lipari;7230293960;01/01/2014 00.55
38.221;12.178;24;14/10/2013 13.00.55;3.4;Tirreno_meridionale_B;8230292600;01/01/2014 00.55
41.879;13.688;10;14/10/2013 04.03.19;2;Marsica;7230287230;01/01/2014 00.55
38.495;15.524;134;13/10/2013 23.57.48;2.2;Isole_Lipari;7230284770;01/01/2014 00.55
37.553;15.207;22;13/10/2013 18.57.08;2.4;Golfo_di_Catania;7230281770;01/01/2014 00.55
43.365;12.553;7;13/10/2013 15.45.04;2.4;Bacino_di_Gubbio;7230279850;01/01/2014 00.55
43.37;12.551;9;13/10/2013 13.18.14;2;Bacino_di_Gubbio;7230278380;01/01/2014 00.55
42.628;12.53;8;12/10/2013 15.03.01;2.2;Val_Nerina;7230265030;01/01/2014 00.55
35.52;23.28;52;12/10/2013 13.11.53;6.4;Crete Greece;8230263910;01/01/2014 00.55
39.963;16.011;9;12/10/2013 09.22.58;2.1;Monte_AlpiSirino;7230261620;01/01/2014 00.55
43.359;12.558;6;11/10/2013 15.24.49;2.1;Bacino_di_Gubbio;7230250840;01/01/2014 00.55
42.544;13.318;10;11/10/2013 05.45.24;2.3;Monti_della_Laga;7230245050;01/01/2014 00.55
40.972;15.019;21;11/10/2013 05.40.54;2;Irpinia;7230245000;01/01/2014 00.55
40.963;14.968;10;11/10/2013 04.48.30;2;Irpinia;7230244480;01/01/2014 00.55
39.877;16.057;9;11/10/2013 01.38.08;2;Pollino;7230242580;01/01/2014 00.55
44.024;12.889;31;10/10/2013 22.42.01;2.9;Costa_marchig._sett._(Pesaro);7230240820;01/01/2014 00.55
43.364;12.557;8;10/10/2013 21.19.27;2.3;Bacino_di_Gubbio;7230239990;01/01/2014 00.55
39.167;16.476;24;10/10/2013 18.58.53;2.1;La_Sila;7230238580;01/01/2014 00.55
42.6;13.455;9;10/10/2013 17.06.04;2;Monti_della_Laga;7230237460;01/01/2014 00.55
38.957;15.669;194;10/10/2013 14.38.59;2.2;Costa_calabra_occidentale;7230235980;01/01/2014 00.55
40.986;15.021;21;10/10/2013 11.32.13;2;Irpinia;7230234120;01/01/2014 00.55
44.197;12.699;20;10/10/2013 07.53.19;2.4;Adriatico_centrosett.;7230231930;01/01/2014 00.55
37.316;15.974;22;10/10/2013 06.53.35;2.1;Mar_Ionio;7230231330;01/01/2014 00.55
39.866;16.237;9;09/10/2013 12.07.38;2.5;Pollino;7230220070;01/01/2014 00.55
37.649;15.046;5;09/10/2013 08.33.21;2.8;Etna;7230217930;01/01/2014 00.55
37.601;15.087;8;09/10/2013 08.18.22;2.3;Etna;7230217780;01/01/2014 00.55
37.643;15.058;5;09/10/2013 08.14.48;2.8;Etna;7230217740;01/01/2014 00.55
43.37;12.553;6;08/10/2013 19.40.29;2.3;Bacino_di_Gubbio;7230210200;01/01/2014 00.55
42.933;13.114;10;08/10/2013 18.50.01;2.3;Monti_Sibillini;7230209700;01/01/2014 00.55
44.292;11.516;23;08/10/2013 16.47.15;2.2;Appennino_bolognese;7230208470;01/01/2014 00.55
42.631;12.5;8;08/10/2013 14.52.26;2;Valle_del_Tevere;7230207320;01/01/2014 00.55
40.013;15.804;8;08/10/2013 10.33.19;2.7;Monte_AlpiSirino;7230204730;01/01/2014 00.55
43.582;13.811;9;07/10/2013 23.56.28;2.5;Adriatico_centrosett.;7230198360;01/01/2014 00.55
44.893;11.21;4;07/10/2013 23.25.43;2.3;Pianura_padana_emiliana;7230198050;01/01/2014 00.55
38.904;15.599;168;07/10/2013 22.08.51;2.1;Costa_calabra_occidentale;7230197280;01/01/2014 00.55
42.452;13.284;13;07/10/2013 19.33.06;2.5;Aquilano;7230195730;01/01/2014 00.55
43.67;7.394;15;07/10/2013 14.23.46;2;Near south coast of France;7230192630;01/01/2014 00.55
38.021;16.246;54;07/10/2013 06.35.42;2.1;Costa_calabra_meridionale;7230187950;01/01/2014 00.55
38.128;15.076;4;07/10/2013 04.44.05;3;Golfi_di_Patti_e_di_Milazzo;7230186840;01/01/2014 00.55
38.121;15.077;8;07/10/2013 02.40.50;2.5;Golfi_di_Patti_e_di_Milazzo;7230185600;01/01/2014 00.55
38.406;15.417;141;07/10/2013 02.14.23;2.3;Isole_Lipari;7230185341;01/01/2014 00.55
45.871;15.048;8;07/10/2013 01.09.37;2.3;Northwestern Balkan Peninsula;7230184690;01/01/2014 00.55
12.36;141.54;33;06/10/2013 16.38.01;6.1;South of Mariana Islands;8230179580;01/01/2014 00.55
38.142;14.903;14;06/10/2013 14.07.49;2;Costa_siciliana_settentrionale;7230178070;01/01/2014 00.55
43.128;13.394;22;06/10/2013 13.05.40;2.4;Zona_Ascoli_Piceno;7230177450;01/01/2014 00.55
37.881;14.603;10;06/10/2013 03.31.14;2.2;Monti_Nebrodi;7230171710;01/01/2014 00.55
43.374;12.558;8;06/10/2013 02.16.10;2.4;Bacino_di_Gubbio;7230170960;01/01/2014 00.55
45.74;26.55;114;06/10/2013 01.37.20;5.4;Romania;8230170570;01/01/2014 00.55
39.85;16.045;9;05/10/2013 20.39.30;2;Pollino;7230167590;01/01/2014 00.55
43.611;13.768;9;05/10/2013 16.06.26;2.3;Adriatico_centrosett.;7230164860;01/01/2014 00.55
43.366;12.56;8;05/10/2013 15.28.14;2.8;Bacino_di_Gubbio;7230164480;01/01/2014 00.55
43.37;12.558;7;05/10/2013 14.06.59;2;Bacino_di_Gubbio;7230163660;01/01/2014 00.55
38.469;15.5;130;05/10/2013 11.36.03;2.4;Isole_Lipari;7230162160;01/01/2014 00.55
42.779;12.746;8;05/10/2013 08.50.29;2.2;Valle_del_Topino;7230160500;01/01/2014 00.55
43.228;12.56;10;05/10/2013 07.45.48;2;Bacino_di_Gubbio;7230159850;01/01/2014 00.55
42.649;14.115;10;05/10/2013 06.58.30;2.3;Costa_abruzzese;7230159380;01/01/2014 00.55
43.37;12.558;7;05/10/2013 03.56.27;2.8;Bacino_di_Gubbio;7230157560;01/01/2014 00.55
43.235;12.562;10;05/10/2013 00.55.59;2.3;Bacino_di_Gubbio;7230155750;01/01/2014 00.55
38.867;15.733;105;04/10/2013 22.55.14;2.4;Costa_calabra_occidentale;7230154550;01/01/2014 00.55
45.202;12.511;5;04/10/2013 22.22.43;2.4;Adriatico_centrosett.;7230154220;01/01/2014 00.55
-38.77;78.49;33;04/10/2013 17.26.00;6.4;MidIndian Ridge;8230151260;01/01/2014 00.55
43.56;13.787;8;04/10/2013 15.43.25;3.3;Adriatico_centrosett.;7230150230;01/01/2014 00.55
42.521;13.201;17;04/10/2013 15.14.22;2;Monti_Reatini;7230149940;01/01/2014 00.55
42.788;13.152;10;04/10/2013 12.56.28;2.2;Monti_Sibillini;7230148560;01/01/2014 00.55
42.791;13.149;10;04/10/2013 12.40.11;2.3;Monti_Sibillini;7230148400;01/01/2014 00.55
42.241;12.924;15;04/10/2013 11.34.17;2.2;Valle_del_Salto;7230147740;01/01/2014 00.55
43.661;13.412;22;04/10/2013 11.20.44;2.2;Costa_marchig._sett._(Pesaro);7230147600;01/01/2014 00.55
42.638;13.232;10;04/10/2013 10.40.10;2.2;Monti_Reatini;7230147200;01/01/2014 00.55
44.215;10.326;10;03/10/2013 19.07.15;2.2;Garfagnana;7230137870;01/01/2014 00.55
38.473;13.49;11;03/10/2013 18.22.25;3.3;Tirreno_meridionale_A;7230137420;01/01/2014 00.55
38.741;15.595;161;03/10/2013 11.30.59;2.7;Costa_calabra_occidentale;7230133300;01/01/2014 00.55
44.165;10.166;8;03/10/2013 10.18.29;2.4;Alpi_Apuane;7230132580;01/01/2014 00.55
42.795;13.158;10;03/10/2013 10.05.14;3;Monti_Sibillini;7230132450;01/01/2014 00.55
44.182;10.173;10;03/10/2013 07.38.32;2.4;Lunigiana;7230130980;01/01/2014 00.55
